Conservative 0,721687806,3607343,1750462,9999,6157,11649,11977,20268,176,40,10947,112,159,178,368,104
Conservative 1,904816702,4477281,2345762,11927,7573,14173,15336,24973,280,56,15051,133,174,219,409,112
Conservative 2,898492281,4424572,2501044,13487,7880,15659,20232,34109,269,37,23903,163,229,320,594,180
Conservative 3,1012620263,4820035,2224883,10351,7219,13778,13494,19325,196,44,10352,105,119,178,246,72
Conservative 4,432290448,2516792,1247090,7566,4304,8676,9420,15918,161,28,9140,64,106,137,226,53
Conservative 5,886333589,4576578,2219499,11472,9249,17058,19707,25157,264,40,15061,148,199,239,479,136
Conservative 6,724992194,3985147,2052516,11047,8454,15997,20021,25754,282,38,17223,152,203,308,520,180
Conservative 7,687016937,3865432,1978588,11307,9316,16205,18982,24599,259,58,14686,151,196,256,534,178
Conservative 8,578850058,3567457,1639807,10753,8436,14882,17613,22225,310,56,13927,145,172,249,447,103
Conservative 9,591880259,3521708,1446220,10492,8413,13979,15534,20058,221,42,11302,132,161,214,388,122
Conservative 10,898725018,4950845,1750040,16125,9975,20194,17456,29256,413,59,14224,165,302,298,452,137
conservatives 0,267815,8917,7587,358,34,146,253,1440,3,0,1337,3,13,9,36,29
conservatives 1,269953,8159,6422,303,60,275,518,1163,4,0,1061,3,5,10,22,22
conservatives 2,553225,14773,12128,633,53,356,546,1981,5,0,1485,4,8,8,40,31
conservatives 3,451144,10474,11109,254,73,279,736,1330,1,0,1706,2,5,2,45,31
conservatives 4,575767,15184,11288,588,80,406,773,2291,3,0,2198,2,10,9,55,31
conservatives 5,235978,6940,5661,422,43,238,508,1770,0,1,1805,6,12,9,35,32
conservatives 6,264238,5722,5841,609,48,334,529,1956,1,0,1492,3,12,10,24,21
conservatives 7,148914,5867,4664,281,39,154,242,819,1,0,669,5,10,5,19,11
conservatives 8,298785,8337,6668,475,74,295,462,1484,0,0,1094,4,11,8,37,16
conservatives 9,290770,9159,6699,287,135,367,644,1084,3,0,893,9,13,14,20,27
conservatives 10,200399,7353,5300,314,70,291,425,953,1,0,652,2,16,3,26,15
Liberal 0,11281907,126874,75533,231,246,372,429,558,12,1,561,3,10,7,15,6
Liberal 1,8606771,112012,67732,244,226,323,451,704,5,1,495,6,5,6,13,6
Liberal 2,7007466,91899,44799,122,234,256,385,333,2,1,252,3,2,5,11,5
Liberal 3,12467746,156365,77383,305,388,510,514,549,7,2,305,2,3,5,13,3
Liberal 4,7536261,108628,63964,210,370,377,526,547,13,1,395,4,6,4,11,3
Liberal 5,12641461,133371,106705,173,237,323,737,787,7,1,883,6,3,1,20,10
Liberal 6,7932437,104063,65320,327,287,412,483,668,20,3,406,3,5,7,15,4
Liberal 7,11600152,139655,82969,302,449,504,618,865,9,1,695,1,6,5,22,2
Liberal 8,10221869,125914,77312,528,368,369,472,899,4,0,613,2,11,8,19,8
Liberal 9,9238195,125163,70881,275,368,435,660,646,5,1,462,5,7,7,7,3
Liberal 10,21107035,228560,123618,800,524,812,936,1439,20,2,708,5,13,17,25,6
Libertarian 0,7659164281,20409963,12221517,21953,26013,34467,61977,62977,431,63,56018,341,462,594,1505,674
Libertarian 1,8446905632,22477914,13564869,33976,26531,42768,66094,97176,608,105,81743,498,725,773,2280,993
Libertarian 2,10615860658,26784781,15629954,42068,32826,52872,77885,102441,761,137,78078,675,756,911,2361,836
Libertarian 3,8090657348,21037196,12497359,38124,25815,46195,61628,87752,671,91,63216,491,748,765,2190,815
Libertarian 4,6871513864,20108478,11678037,32885,27288,43549,63325,83576,596,124,65982,462,560,724,1887,753
Libertarian 5,8778125026,24722059,13972120,40042,33157,57087,79071,103152,754,153,78138,629,823,1055,2535,1084
Libertarian 6,6125483216,18601699,9972357,32851,23629,44609,54267,73483,537,104,48170,441,580,727,1635,640
Libertarian 7,7526333987,20266039,10908683,27423,20388,36707,44858,63868,385,68,48421,270,371,488,1242,457
Libertarian 8,5659444355,15977682,8813654,31966,18909,34330,39342,62930,489,73,38180,277,405,452,1070,330
Libertarian 9,6831989285,19093281,10456965,34584,21453,34925,47902,74557,491,68,49212,332,497,614,1465,573
Libertarian 10,7959956377,20283010,11305192,32370,19709,35115,47661,71660,483,91,50558,335,491,535,1381,616
Republican 0,5360611,84314,63382,296,322,599,998,1040,9,3,960,12,12,24,42,16
Republican 1,2145410,46128,24393,367,183,363,515,756,9,3,460,5,10,6,21,7
Republican 2,2206045,40460,26877,206,109,160,293,617,5,0,484,2,4,5,7,6
Republican 3,3481367,61714,34946,264,195,395,559,772,5,1,518,3,7,7,13,13
Republican 4,2683088,49558,28537,201,174,305,526,587,0,2,509,4,2,3,15,9
Republican 5,3074564,59834,32042,911,275,670,725,2078,15,1,1105,4,19,10,37,26
Republican 6,2937803,52653,35475,626,189,552,929,1996,5,0,1551,3,12,18,33,19
Republican 7,1792196,35550,18377,366,94,216,249,759,5,1,382,2,3,4,16,4
Republican 8,2222848,49519,28649,442,189,415,536,807,9,1,483,5,11,9,24,13
Republican 9,2908733,58099,26922,523,187,520,550,1172,8,2,646,2,12,12,16,7
Republican 10,8669181,116844,67725,568,366,727,1034,1709,9,2,1290,2,8,10,18,7
socialism 0,253279229,2064020,1366836,7849,5306,10723,17132,25269,161,37,21162,132,197,282,833,452
socialism 1,176871661,1662514,897134,6038,3958,7551,9456,13413,161,52,8729,96,138,210,364,125
socialism 2,656715876,3541336,2053887,6995,8132,12075,18577,17605,232,41,14314,159,183,270,603,235
socialism 3,476588622,2953887,1662759,6071,5793,8919,11033,12754,172,30,7712,118,119,192,325,94
socialism 4,324229035,2335058,1247237,7173,5812,9755,11774,14379,211,39,8512,129,163,215,393,119
socialism 5,268891899,2088024,1373826,9255,6032,12009,18717,25937,208,45,20532,196,245,338,810,356
socialism 6,467677309,3380329,1995850,14970,11026,21268,28519,36095,393,92,24192,315,368,545,1193,516
socialism 7,466597912,3454867,2025936,11833,8803,18016,23018,28102,313,79,20048,238,320,412,911,352
socialism 8,399842863,2981383,1704801,9454,7225,13329,18193,23253,267,57,16334,225,264,323,773,296
socialism 9,478813132,3299822,2099574,8163,7223,13186,19752,23871,238,66,19725,159,224,374,847,320
socialism 10,620663585,4478143,2587746,15395,10598,20215,27979,41494,368,72,32561,230,377,500,1219,528
