,003,012,102,021D,021U,021C,111D,111U,030T,030C,201,120D,120U,120C,210,300
Anarchism,25566099088,76196181,49542003,187678,132996,268463,395128,536408,5464,1333,430002,4814,6138,8589,23078,11398
Anarcho_Capitalism,26918538411,151526883,110704179,598708,482659,886011,1555397,1834778,31778,6803,1683315,31103,37240,54264,159328,91123
Anarchy101,177929528,1608735,1437508,4875,5810,8960,20711,19371,183,32,23966,213,233,354,1117,558
Conservative,1.30287E+11,223525242,113735424,586793,332954,703909,869349,1442565,10320,2116,987388,6507,8924,11955,26230,10102
conservatives,70388158,492631,384263,17919,2184,11244,19972,65589,44,10,60065,50,146,129,611,370
Liberal,1952278394,7847156,4736751,16655,12144,20786,26996,42230,339,64,29468,166,337,379,850,335
Libertarian,8.10924E+11,980435790,571689916,1648489,1084950,2046382,2927598,4277488,27981,5321,3266162,23667,32664,42373,117413,56678
Republican,775785240,3655098,2194233,23395,7945,21434,31304,66263,194,34,47451,151,291,298,907,487
socialism,56601538962,148415024,95156403,355889,260744,501598,748940,950619,10941,2405,713342,9962,11588,17020,43143,20056
